community,functioning
1,0.259111565
2,0.131021312
3,0.971627657
4,0.566545951
