species,trait.1,trait.2,trait.3
a,0.394861885,0.972775496,0.83947128
b,0.372859832,0.658765307,0.945410453
c,0.067734209,0.087382098,0.390907226
d,0.42899182,0.311189884,0.40718247
e,0.339992229,0.150363853,0.934731978
f,0.275003156,0.214085073,0.74082619
g,0.0173231,0.865342235,0.737415617
h,0.341487316,0.370105859,0.020971037
i,0.9582617,0.16787659,0.927313251
j,0.299479028,0.354765211,0.36046854
